INSERT INTO branch (branch_id,name,branch_code,manager,line_channel)
VALUES
	(1,'พระราม 4','UCL','สุนันทา แก้วเพชรพลอย','NNtNnN7XL0T89tgjut1dzfeQeG44bDTK61jotLhXqJk'),
	(2,'ลาดกระบัง','LB','จักรภัทร สีระสา','rsyhuYjkA9AepA4X10K3TM9LymjlMAjFLueQNJUtGBG'),
	(3,'ศรีนครินทร์ 1','SN1','ชุตินันท์  สุทน','72Di7rXAq0v5NPyboDvwcM1LbhTu93q6r6QT7UT1tyk'),
	(4,'ศรีนครินทร์ 2','SN2','กัญชลิกา บุตรพรม','M6L7djVhKfjLPGh0xliBGkQXy50Eclx9ThxgmI7zHfv'),
	(5,'Fleet','FS','กิตติญา  ถิ่นทวี','1WTuZB0NmLWKkS1ZS5xoMZhFxdAk2JAUcKO8dFNM8K4');

INSERT INTO zipcode (zipcode,branch_id)
VALUES
	(10100,1),
	(10110,1),
	(10120,1),
	(10130,1),
	(10140,1),
	(10150,1),
	(10160,1),
	(10170,1),
	(10200,2),
	(10210,2),
	(10220,2),
	(10230,2),
	(10240,2),
	(10250,2),
	(10260,2),
	(10270,2),
	(10280,2),
	(10290,2),
	(10300,2),
	(10310,2),
	(10330,2),
	(10400,2),
	(10500,2),
	(10510,2),
	(10520,2),
	(10530,2),
	(10540,2),
	(10550,2),
	(10560,2),
	(10600,2),
	(10700,2),
	(10800,2),
	(10900,2),
	(11000,2),
	(11110,2),
	(11120,2),
	(11130,2),
	(11140,2),
	(11150,2),
	(12000,2),
	(12110,2),
	(12120,2),
	(12130,2),
	(12140,2),
	(12150,2),
	(12160,2),
	(12170,2),
	(13000,2),
	(13110,2),
	(13120,2),
	(13130,2),
	(13140,2),
	(13150,2),
	(13160,3),
	(13170,3),
	(13180,3),
	(13190,3),
	(13210,3),
	(13220,3),
	(13230,3),
	(13240,3),
	(13250,3),
	(13260,3),
	(13270,3),
	(13280,3),
	(13290,3),
	(14000,3),
	(14110,3),
	(14120,3),
	(14130,3),
	(14140,3),
	(14150,3),
	(14160,3),
	(15000,3),
	(15110,3),
	(15120,3),
	(15130,3),
	(15140,3),
	(15150,3),
	(15160,3),
	(15170,3),
	(15180,3),
	(15190,3),
	(15210,3),
	(15220,3),
	(15230,3),
	(15240,3),
	(15250,3),
	(16000,3),
	(16110,3),
	(16120,3),
	(16130,3),
	(16140,3),
	(16150,3),
	(16160,3),
	(17000,3),
	(17110,3),
	(17120,3),
	(17130,3),
	(17140,3),
	(17150,3),
	(17160,3),
	(17170,3),
	(18000,3),
	(18110,3),
	(18120,3),
	(18130,3),
	(18140,3),
	(18150,3),
	(18160,3),
	(18170,3),
	(18180,3),
	(18190,3),
	(18210,3),
	(18220,3),
	(18230,3),
	(18240,3),
	(18250,3),
	(18260,3),
	(18270,3),
	(20000,3),
	(20110,3),
	(20120,3),
	(20130,3),
	(20140,3),
	(20150,3),
	(20160,3),
	(20170,3),
	(20180,3),
	(20190,3),
	(20220,3),
	(20230,3),
	(20240,3),
	(20250,3),
	(20270,3),
	(21000,3),
	(21100,3),
	(21110,3),
	(21120,3),
	(21130,3),
	(21140,3),
	(21150,3),
	(21160,3),
	(21170,1),
	(21180,1),
	(21190,2),
	(21210,3),
	(22000,1),
	(22110,1),
	(22120,2),
	(22130,3),
	(22140,3),
	(22150,3),
	(22160,3),
	(22170,3),
	(22180,3),
	(22190,3),
	(22210,3),
	(23000,3),
	(23110,3),
	(23120,3),
	(23130,3),
	(23140,3),
	(23150,3),
	(23170,3),
	(24000,3),
	(24110,3),
	(24120,3),
	(24130,3),
	(24140,3),
	(24150,3),
	(24160,3),
	(24170,3),
	(24180,3),
	(24190,3),
	(25000,3),
	(25110,3),
	(25130,3),
	(25140,3),
	(25150,3),
	(25190,3),
	(25220,3),
	(25230,3),
	(25240,3),
	(26000,3),
	(26110,3),
	(26120,3),
	(26130,3),
	(27000,3),
	(27120,3),
	(27160,3),
	(27180,3),
	(27210,3),
	(27250,3),
	(27260,3),
	(30000,3),
	(30110,3),
	(30120,3),
	(30130,3),
	(30140,3),
	(30150,3),
	(30160,3),
	(30170,3),
	(30180,3),
	(30190,3),
	(30210,3),
	(30220,3),
	(30230,3),
	(30240,3),
	(30250,3),
	(30260,3),
	(30270,3),
	(30280,3),
	(30290,3),
	(30310,3),
	(30320,3),
	(30330,3),
	(30340,3),
	(30350,3),
	(30360,3),
	(30370,3),
	(30380,1),
	(30410,1),
	(30420,1),
	(30430,1),
	(30440,1),
	(31000,1),
	(31110,1),
	(31120,1),
	(31130,1),
	(31140,1),
	(31150,1),
	(31160,1),
	(31170,1),
	(31180,1),
	(31190,1),
	(31210,1),
	(31220,1),
	(31230,1),
	(31240,1),
	(31250,1),
	(31260,1),
	(32000,1),
	(32110,1),
	(32120,1),
	(32130,1),
	(32140,1),
	(32150,1),
	(32160,1),
	(32170,1),
	(32180,1),
	(32190,1),
	(32210,1),
	(32220,1),
	(32230,1),
	(33000,1),
	(33110,1),
	(33120,1),
	(33130,1),
	(33140,1),
	(33150,1),
	(33160,1),
	(33170,1),
	(33180,1),
	(33190,1),
	(33210,1),
	(33220,1),
	(33230,1),
	(33240,1),
	(33250,1),
	(33270,1),
	(34000,1),
	(34110,1),
	(34130,1),
	(34140,1),
	(34150,1),
	(34160,1),
	(34170,1),
	(34190,1),
	(34220,1),
	(34230,1),
	(34250,1),
	(34260,1),
	(34270,1),
	(34280,1),
	(34310,1),
	(34320,1),
	(34330,1),
	(34340,1),
	(34350,1),
	(34360,1),
	(35000,1),
	(35110,1),
	(35120,1),
	(35130,1),
	(35140,1),
	(35150,1),
	(35160,1),
	(35170,1),
	(35180,1),
	(36000,1),
	(36110,1),
	(36120,1),
	(36130,1),
	(36140,1),
	(36150,1),
	(36160,1),
	(36170,1),
	(36180,1),
	(36190,1),
	(36210,1),
	(36220,1),
	(36230,1),
	(36240,1),
	(36250,1),
	(36260,1),
	(37000,1),
	(37110,1),
	(37180,1),
	(37210,1),
	(37240,1),
	(37290,1),
	(38000,1),
	(38150,1),
	(38170,1),
	(38180,1),
	(38190,1),
	(38210,1),
	(38220,1),
	(39000,1),
	(39140,1),
	(39170,1),
	(39180,1),
	(39270,1),
	(39350,1),
	(40000,1),
	(40110,1),
	(40120,1),
	(40130,1),
	(40140,1),
	(40150,1),
	(40160,1),
	(40170,1),
	(40180,1),
	(40190,1),
	(40210,1),
	(40220,1),
	(40230,1),
	(40240,1),
	(40250,1),
	(40260,1),
	(40270,1),
	(40280,1),
	(40290,1),
	(40310,1),
	(40320,1),
	(40330,1),
	(40340,1),
	(40350,1),
	(41000,1),
	(41110,1),
	(41130,1),
	(41150,1),
	(41160,1),
	(41190,1),
	(41210,1),
	(41220,1),
	(41230,1),
	(41240,1),
	(41250,1),
	(41260,1),
	(41280,1),
	(41290,1),
	(41310,1),
	(41320,1),
	(41330,1),
	(41340,1),
	(41360,1),
	(41370,1),
	(41380,1),
	(42000,1),
	(42100,1),
	(42110,1),
	(42120,1),
	(42130,1),
	(42140,1),
	(42150,1),
	(42160,1),
	(42170,1),
	(42180,1),
	(42190,1),
	(42210,1),
	(42220,1),
	(42230,1),
	(42240,1),
	(43000,1),
	(43100,1),
	(43110,1),
	(43120,1),
	(43130,1),
	(43160,1),
	(44000,1),
	(44110,1),
	(44120,1),
	(44130,1),
	(44140,1),
	(44150,1),
	(44160,1),
	(44170,1),
	(44180,1),
	(44190,1),
	(44210,1),
	(45000,1),
	(45110,1),
	(45120,1),
	(45130,1),
	(45140,1),
	(45150,1),
	(45160,1),
	(45170,1),
	(45180,1),
	(45190,1),
	(45210,1),
	(45220,1),
	(45230,1),
	(45240,1),
	(45250,1),
	(45280,1),
	(46000,1),
	(46110,1),
	(46120,1),
	(46130,1),
	(46140,1),
	(46150,1),
	(46160,1),
	(46170,1),
	(46180,1),
	(46190,1),
	(46210,1),
	(46220,1),
	(46230,1),
	(46240,1),
	(47000,1),
	(47110,1),
	(47120,1),
	(47130,1),
	(47140,1),
	(47150,1),
	(47160,1),
	(47170,1),
	(47180,1),
	(47190,1),
	(47210,1),
	(47220,1),
	(47230,1),
	(47240,1),
	(47250,1),
	(47260,1),
	(47270,1),
	(47280,1),
	(47290,1),
	(48000,1),
	(48110,1),
	(48120,1),
	(48130,1),
	(48140,1),
	(48150,1),
	(48160,1),
	(48170,1),
	(48180,1),
	(48190,1),
	(49000,1),
	(49110,1),
	(49120,1),
	(49130,1),
	(49140,1),
	(49150,1),
	(49160,1),
	(50000,1),
	(50100,1),
	(50110,1),
	(50120,1),
	(50130,1),
	(50140,1),
	(50150,1),
	(50160,1),
	(50170,1),
	(50180,1),
	(50190,1),
	(50200,1),
	(50210,1),
	(50220,1),
	(50230,1),
	(50240,1),
	(50250,1),
	(50260,1),
	(50270,1),
	(50280,1),
	(50290,1),
	(50300,1),
	(50310,1),
	(50320,1),
	(50330,1),
	(50340,1),
	(50350,1),
	(50360,1),
	(51000,1),
	(51110,1),
	(51120,1),
	(51130,1),
	(51140,1),
	(51150,1),
	(51160,1),
	(51170,1),
	(51180,1),
	(52000,1),
	(52100,1),
	(52110,1),
	(52120,1),
	(52130,1),
	(52140,1),
	(52150,1),
	(52160,1),
	(52170,1),
	(52180,1),
	(52190,1),
	(52210,1),
	(52220,1),
	(52230,1),
	(52240,1),
	(53000,1),
	(53110,1),
	(53120,1),
	(53130,1),
	(53140,1),
	(53150,1),
	(53160,1),
	(53170,1),
	(53180,1),
	(53190,1),
	(53210,1),
	(53220,1),
	(53230,1),
	(54000,1),
	(54110,1),
	(54120,1),
	(54130,1),
	(54140,2),
	(54150,2),
	(54160,2),
	(54170,2),
	(55000,2),
	(55110,2),
	(55120,1),
	(55130,2),
	(55140,2),
	(55150,2),
	(55160,1),
	(55170,1),
	(55180,1),
	(55190,1),
	(55210,1),
	(55220,1),
	(56000,1),
	(56110,1),
	(56120,1),
	(56130,1),
	(56140,1),
	(56150,1),
	(56160,1),
	(57000,1),
	(57100,1),
	(57110,1),
	(57120,1),
	(57130,1),
	(57140,1),
	(57150,1),
	(57160,1),
	(57170,1),
	(57180,1),
	(57190,1),
	(57210,1),
	(57220,1),
	(57230,1),
	(57240,1),
	(57250,1),
	(57260,1),
	(57270,1),
	(57280,1),
	(57290,1),
	(57310,1),
	(57340,1),
	(58000,1),
	(58110,1),
	(58120,1),
	(58130,1),
	(58140,1),
	(58150,1),
	(60000,1),
	(60110,1),
	(60120,1),
	(60130,1),
	(60140,1),
	(60150,1),
	(60160,1),
	(60170,1),
	(60180,1),
	(60190,1),
	(60210,1),
	(60220,1),
	(60230,1),
	(60240,1),
	(60250,1),
	(60260,1),
	(61000,1),
	(61110,1),
	(61120,1),
	(61130,1),
	(61140,1),
	(61150,1),
	(61160,1),
	(61170,1),
	(61180,1),
	(62000,1),
	(62110,1),
	(62120,1),
	(62130,1),
	(62140,1),
	(62150,1),
	(62160,1),
	(62170,1),
	(62180,1),
	(62190,1),
	(62210,1),
	(63000,1),
	(63110,1),
	(63120,1),
	(63130,1),
	(63140,1),
	(63150,1),
	(63160,1),
	(63170,1),
	(64000,1),
	(64110,1),
	(64120,1),
	(64130,1),
	(64140,1),
	(64150,1),
	(64160,1),
	(64170,1),
	(64180,1),
	(64190,1),
	(64210,1),
	(64220,1),
	(64230,1),
	(65000,1),
	(65110,3),
	(65120,3),
	(65130,3),
	(65140,3),
	(65150,3),
	(65160,3),
	(65170,3),
	(65180,3),
	(65190,3),
	(65210,3),
	(65220,3),
	(65230,3),
	(65240,3),
	(66000,3),
	(66110,3),
	(66120,3),
	(66130,3),
	(66140,3),
	(66150,3),
	(66160,3),
	(66170,3),
	(66180,3),
	(66190,3),
	(66210,3),
	(66220,3),
	(66230,3),
	(67000,3),
	(67110,3),
	(67120,3),
	(67130,3),
	(67140,3),
	(67150,3),
	(67160,3),
	(67170,3),
	(67180,3),
	(67190,3),
	(67210,3),
	(67220,3),
	(67230,3),
	(67240,3),
	(67250,3),
	(67260,3),
	(67270,3),
	(67280,3),
	(70000,3),
	(70110,3),
	(70120,3),
	(70130,3),
	(70140,3),
	(70150,3),
	(70160,3),
	(70170,3),
	(70180,3),
	(70190,3),
	(70210,3),
	(71000,3),
	(71110,3),
	(71120,3),
	(71130,3),
	(71140,3),
	(71150,3),
	(71160,3),
	(71170,3),
	(71180,3),
	(71190,3),
	(71210,3),
	(71220,3),
	(71240,3),
	(71250,3),
	(71260,3),
	(72000,3),
	(72110,3),
	(72120,3),
	(72130,3),
	(72140,3),
	(72150,3),
	(72160,3),
	(72170,3),
	(72180,3),
	(72190,3),
	(72210,3),
	(72220,3),
	(72230,3),
	(72240,3),
	(72250,3),
	(73000,3),
	(73110,3),
	(73120,3),
	(73130,3),
	(73140,3),
	(73150,3),
	(73160,3),
	(73170,3),
	(73180,3),
	(73190,3),
	(73210,3),
	(73220,3),
	(74000,3),
	(74110,3),
	(74120,3),
	(74130,3),
	(75000,3),
	(75110,3),
	(75120,3),
	(76000,3),
	(76100,3),
	(76110,3),
	(76120,3),
	(76130,3),
	(76140,3),
	(76150,3),
	(76160,3),
	(76170,3),
	(77000,3),
	(77110,3),
	(77120,3),
	(77130,3),
	(77140,3),
	(77150,3),
	(77170,3),
	(77180,3),
	(77190,3),
	(77210,3),
	(77220,3),
	(77230,3),
	(80000,3),
	(80110,3),
	(80120,3),
	(80130,3),
	(80140,3),
	(80150,3),
	(80160,3),
	(80170,3),
	(80180,3),
	(80190,3),
	(80210,3),
	(80220,3),
	(80230,3),
	(80240,3),
	(80250,3),
	(80260,3),
	(80270,3),
	(80280,3),
	(80290,3),
	(80310,3),
	(80320,3),
	(80330,3),
	(80340,3),
	(80350,3),
	(80360,3),
	(81000,3),
	(81110,3),
	(81120,3),
	(81130,3),
	(81140,3),
	(81150,3),
	(81160,3),
	(81170,3),
	(82000,3),
	(82110,3),
	(82120,3),
	(82130,3),
	(82140,3),
	(82150,3),
	(82160,3),
	(82170,3),
	(82180,3),
	(82190,3),
	(83000,3),
	(83100,3),
	(83110,3),
	(83120,3),
	(83130,3),
	(83150,3),
	(84000,3),
	(84100,3),
	(84110,3),
	(84120,3),
	(84130,3),
	(84140,3),
	(84150,3),
	(84160,3),
	(84170,3),
	(84180,3),
	(84190,3),
	(84210,3),
	(84220,3),
	(84230,3),
	(84240,3),
	(84250,3),
	(84260,3),
	(84270,3),
	(84280,3),
	(84290,3),
	(84310,3),
	(84320,3),
	(84330,3),
	(84340,3),
	(84350,3),
	(85000,3),
	(85110,3),
	(85120,3),
	(85130,3),
	(86000,3),
	(86100,3),
	(86110,3),
	(86120,3),
	(86130,3),
	(86140,3),
	(86150,3),
	(86160,3),
	(86170,3),
	(86180,3),
	(86190,3),
	(86210,3),
	(86220,3),
	(86230,3),
	(90000,3),
	(90100,3),
	(90110,3),
	(90115,3),
	(90120,3),
	(90130,3),
	(90140,3),
	(90150,1),
	(90160,1),
	(90170,1),
	(90180,1),
	(90190,1),
	(90210,1),
	(90220,1),
	(90230,1),
	(90240,1),
	(90250,1),
	(90260,1),
	(90270,1),
	(90280,1),
	(90310,1),
	(90330,1),
	(91000,1),
	(91110,1),
	(91120,1),
	(91130,1),
	(91140,1),
	(91150,1),
	(91160,1),
	(92000,1),
	(92110,1),
	(92120,1),
	(92130,1),
	(92140,1),
	(92150,1),
	(92160,1),
	(92170,1),
	(92180,1),
	(92190,1),
	(92210,1),
	(92220,1),
	(93000,1),
	(93110,1),
	(93120,1),
	(93130,1),
	(93140,1),
	(93150,1),
	(93160,1),
	(93170,1),
	(93180,1),
	(93190,1),
	(94000,1),
	(94110,1),
	(94120,1),
	(94130,1),
	(94140,1),
	(94150,1),
	(94160,1),
	(94170,1),
	(94180,1),
	(94190,1),
	(94220,1),
	(94230,1),
	(95000,1),
	(95110,1),
	(95120,1),
	(95130,1),
	(95140,1),
	(95150,1),
	(95160,1),
	(95170,1),
	(96000,1),
	(96110,1),
	(96120,1),
	(96130,1),
	(96140,1),
	(96150,1),
	(96160,1),
	(96170,1),
	(96180,1),
	(96190,1),
	(96210,1),
	(96220,1);

INSERT INTO sale (sale_id,name,email,sequence_no,branch_id)
VALUES
	(1,'นาย ธนชิต สำแดงพันธ์','Thanachit@barawindsor.com',1,3),
	(2,'น.ส.อรทัย ภูมิสวย','orathai.ph@barawindsor.com',2,3),
	(3,'นาย ชัยธวัช  สายเมฆ','chaitavat.sa@barawindsor.com',3,3),
	(4,'น.ส.ชัญญนิษฐ์ วรบุตร','chanyanit.wo@barawindsor.com ',4,3),
	(5,'น.ส.ชนก ศศิทัศน์','chanok.sa@barawindsor.com',5,3),
	(6,'น.ส.วัชรวีร์ นิธิยศธนธรณ์','watcharawee.ni@barawindsor.com',1,4),
	(7,'น.ส.พรยุภา ดวงตา','Pronyupa@barawindsor.com',2,4),
	(8,'นายณัฐพนธ์  ณัฏฐากรกิตติ','nuttapon.nu@barawindsor.com',3,4),
	(9,'น.ส.ธัญดา ภัทรดำรงค์ชัย','Thunyada@barawindsor.com ',4,4),
	(10,'น.ส.เมธิณี  จินนะคำ','Mathinee.chi@barawindsor.com',5,4),
	(11,'นายสุรจักษ์ ว่องไวศิริวัฒน์','surajuk@barawindsor.com',6,4),
	(12,'น.ส.อัจฉราพร จันทร์แดง','atcharaporn@barawindsor.com',1,1),
	(13,'น.ส.สุทธิดา นาสินสร้อย','suthida@barawindsor.com',2,1),
	(14,'น.ส.วิชุตา กองสิทธิผล','wichuta@barawindsor.com',3,1),
	(15,'นาย ประวันวิทย์  โพธิ์ศรีทอง','prawanwit@barawindsor.com',4,1),
	(16,'น.ส.วิภาวรรณ  ศรีทอง','wipawan.sr@barawindsor.com',5,1),
	(17,'น.ส.สุพรรณี  แก้วกระจ่าง','supranee.ka@barawindsor.com',6,1),
	(18,'นาย นเรนฤทธิ์  อินทร์ถมยา','narenrith@barawindsor.com',7,1),
	(19,'นาย พีรวิชญ์  คุณพระเมตตา','Peerawich.Kh@barawindsor.com',8,1),
	(20,'นายพงศพัศ ศรีใส','pongsapat.sr@barawindsor.com',1,2),
	(21,'น.ส.ณัฐนภัทร พันท้าว','natnaphat.ph@barawindsor.com',2,2),
	(22,'น.ส.โมไนยณัช ปิ่นกา','monaiyanuch.pi@barawindsor.com',3,2),
	(23,'น.ส.นริศรา ณ บางช้าง','narisara@barawindsor.com',4,2),
	(24,'น.ส ณัฐฐิญา ฉัตรปราการ ','nattihya.ch@barawindsor.com',5,2),
	(25,'นายกฤษดา ลิ้มตระกูล','kritsada_li@barawindsor.com',6,2),
	(26,'น.ส.ณัฐธิดา อาสาพงษ์','nuttida.ar@barawindsor.com',7,2),
	(27,'วาจิตตรี เอมกลาง','vajittree.Ea@barawindsor.com ',1,5),
	(28,'สุดารัตน์  สอนดี  ','Sudarat.So@barawindsor.com',2,5);

INSERT INTO customer (customer_id,name,mobile_no,zipcode,model,model_no,finance_model,finance_submodel,finance_price,finance_down_percent,finance_down_amount,finance_period,finance_per_month,is_company)
VALUES
	(1,'ลูกค้า วินเซอร์B1 1','0811234567',10130,'Revo','Revo 123',NULL,NULL,547820,10,54782,12,54782,0),
	(2,'ลูกค้า วินเซอร์B1 2','+661234567',10130,'Revo','Revo 456',NULL,NULL,539000,10,53900,24,20212,0),
	(3,'ลูกค้า วินเซอร์B1 3','027293500',10130,'Yaris','Yaris 123',NULL,NULL,547820,NULL,NULL,NULL,NULL,1),
	(4,'ลูกค้า วินเซอร์B1 4','0811234568',10130,'Yaris','Yaris 456',NULL,NULL,547820,NULL,NULL,NULL,NULL,0),
	(5,'ลูกค้า วินเซอร์B1 5','+661234568',10130,'Revo','Revo 789',NULL,NULL,547820,NULL,NULL,NULL,NULL,1),
	(6,'ลูกค้า วินเซอร์B1 6','027293501',10130,'Revo','Revo 1122',NULL,NULL,547820,NULL,NULL,NULL,NULL,0),
	(7,'ลูกค้า วินเซอร์B1 7','0811234569',10130,'Yaris','Yaris 789',NULL,NULL,547820,NULL,NULL,NULL,NULL,0),
	(8,'ลูกค้า วินเซอร์B2 1','+661234569',10230,'Yaris','Yaris 1122',NULL,NULL,547820,NULL,NULL,NULL,NULL,0),
	(9,'ลูกค้า วินเซอร์B2 2','027293502',10230,'Revo','Revo 1455',NULL,NULL,547820,NULL,NULL,NULL,NULL,0),
	(10,'ลูกค้า วินเซอร์B2 3','0811234570',10230,'Revo','Revo 1788',NULL,NULL,547820,NULL,NULL,NULL,NULL,0),
	(11,'ลูกค้า วินเซอร์B3 1','+661234570',15120,'Yaris','Yaris 1455',NULL,NULL,547820,NULL,NULL,NULL,NULL,0),
	(12,'ลูกค้า วินเซอร์B3 2','027293503',15120,'Yaris','Yaris 1788',NULL,NULL,547820,NULL,NULL,NULL,NULL,0),
	(13,'ลูกค้า วินเซอร์B3 3','0811234571',15120,'Revo','Revo 1122',NULL,NULL,547820,NULL,NULL,NULL,NULL,0),
	(14,'ลูกค้า วินเซอร์B3 4','027293502',15120,'Yaris','Yaris 789',NULL,NULL,547820,NULL,NULL,NULL,NULL,0),
	(15,'ลูกค้า วินเซอร์B3 5','0811234570',15120,'Yaris','Yaris 1122',NULL,NULL,547820,NULL,NULL,NULL,NULL,0),
	(16,'ลูกค้า วินเซอร์B3 6','+661234570',15120,'Revo','Revo 1455',NULL,NULL,547820,NULL,NULL,NULL,NULL,0),
	(17,'ลูกค้า วินเซอร์B3 7','027293503',15120,'Revo','Revo 1788',NULL,NULL,547820,NULL,NULL,NULL,NULL,0),
	(18,'ลูกค้า วินเซอร์B3 8','027293502',15120,'Yaris','Yaris 1455',NULL,NULL,547820,NULL,NULL,NULL,NULL,0),
	(19,'ลูกค้า วินเซอร์B3 9','0811234570',15120,'Yaris','Yaris 1788',NULL,NULL,547820,NULL,NULL,NULL,NULL,0),
	(20,'ลูกค้า วินเซอร์B3 10','+661234570',15120,'Revo','Revo 1122',NULL,NULL,547820,NULL,NULL,NULL,NULL,0);

INSERT INTO notification (notification_id,name,recipient,status,timestamp)
VALUES
	(1,'asf123','asd123','success',"2011-10-02 23:25:42"),
	(2,'asdf2','asd12324','fail',"2011-10-02 23:25:42");

